{
  "ChangeSetMappingFile": null,
  "Source": {
    "$type": "TfsTeamProjectConfig",
    "Collection": "https://vmsys-tfsd02/DefaultCollection/",
    "Project": "Vtxrm Wits 2",
    "ReflectedWorkItemIDFieldName": "Custom.ReflectedWorkItemId",
    "AllowCrossProjectLinking": false,
    "PersonalAccessTokenVariableName": "AZURETOKEN",
    "LanguageMaps": {
      "AreaPath": "Area",
      "IterationPath": "Iteration"
    }
  },
  "Target": {
    "$type": "TfsTeamProjectConfig",
    "Collection": "https://vmsys-tfsd02/DefaultCollection/",
    "Project": "New VTXRM",
    "ReflectedWorkItemIDFieldName": "Custom.ReflectedWorkItemId",
    "AllowCrossProjectLinking": false,
    "PersonalAccessTokenVariableName": "AZURETOKEN",
    "LanguageMaps": {
      "AreaPath": "Area",
      "IterationPath": "Iteration"
    }
  },
  "FieldMaps": [
  ],
  "GitRepoMapping": null,
  "LogLevel": "Verbose",
  "CommonEnrichersConfig": null,
  "Processors": [
    {
      "$type": "WorkItemMigrationConfig",
      "Enabled": true,
      "ReplayRevisions": false,
      "PrefixProjectToNodes": false,
      "UpdateCreatedDate": true,
      "UpdateCreatedBy": true,
      "WIQLQueryBit": "AND  [Microsoft.VSTS.Common.ClosedDate] = '' AND [System.WorkItemType] IN ('Task', 'User Story', 'Feature')",
      "WIQLOrderBit": "[System.ChangedDate] desc",
      "LinkMigration": true,
      "AttachmentMigration": true,
      "AttachmentWorkingPath": "c:\\temp\\WorkItemAttachmentWorkingFolder\\",
      "FixHtmlAttachmentLinks": false,
      "SkipToFinalRevisedWorkItemType": true,
      "WorkItemCreateRetryLimit": 5,
      "FilterWorkItemsThatAlreadyExistInTarget": true,
      "PauseAfterEachWorkItem": false,
      "AttachmentMaxSize": 480000000,
      "AttachRevisionHistory": false,
      "LinkMigrationSaveEachAsAdded": true,
      "GenerateMigrationComment": true,
      "WorkItemIDs": null,
      "MaxRevisions": 0,
      "UseCommonNodeStructureEnricherConfig": false,
      "StopMigrationOnMissingAreaIterationNodes": true,
      "NodeBasePaths": [
        "Vtxrm Wits 2",
        "Product\\Area\\Path2"
      ],
      "AreaMaps": {},
      "IterationMaps": {},
      "MaxGracefulFailures": 0,
      "SkipRevisionWithInvalidIterationPath": false,
      "SkipRevisionWithInvalidAreaPath": false
    }
  ],
  "Version": "12.8",
  "workaroundForQuerySOAPBugEnabled": false,
  "WorkItemTypeDefinition": {
    "sourceWorkItemTypeName": "targetWorkItemTypeName"
  },
  "Endpoints": {
    "InMemoryWorkItemEndpoints": [
      {
        "Name": "Source",
        "EndpointEnrichers": null
      },
      {
        "Name": "Target",
        "EndpointEnrichers": null
      }
    ]
  }
}