{
  "Version": "12.8",
  "TelemetryEnableTrace": false,
  "workaroundForQuerySOAPBugEnabled": false,
  "Source": {
    "$type": "TfsTeamProjectConfig",
    "Collection": "https://vmsys-tfsd02/DefaultCollection/",
    "Project": "Vtxrm Wits 2",
    "ReflectedWorkItemIDFieldName": "Custom.ReflectedWorkItemId",
	"PersonalAccessTokenVariableName": "AZURETOKEN",
  },
  "Target": {
	"$type": "TfsTeamProjectConfig",
    "Collection": "https://vmsys-tfsd02/DefaultCollection/",
    "Project": "New VTXRM",
    "ReflectedWorkItemIDFieldName": "Custom.ReflectedWorkItemId",
	"PersonalAccessTokenVariableName": "AZURETOKEN",
  },
  "FieldMaps": [],
  "WorkItemTypeDefinition": {
    "sourceWorkItemTypeName": "targetWorkItemTypeName"
  },
  "GitRepoMapping": null,
  "LogLevel": "Verbose",
  "CommonEnrichersConfig": null,
  "Processors": [
    {
      "$type": "WorkItemMigrationConfig",
      "Enabled": true,
      "ReplayRevisions": true,
      "PrefixProjectToNodes": false,
      "UpdateCreatedDate": true,
      "UpdateCreatedBy": true,
      "WIQLQueryBit": "AND  [Microsoft.VSTS.Common.ClosedDate] = '' AND [System.WorkItemType] IN ('Task')",
      "WIQLOrderBit": "[System.ChangedDate] desc",
      "LinkMigration": true,
      "AttachmentMigration": true,
      "AttachmentWorkingPath": "c:\\temp\\WorkItemAttachmentWorkingFolder\\",
      "FixHtmlAttachmentLinks": false,
      "SkipToFinalRevisedWorkItemType": true,
      "WorkItemCreateRetryLimit": 5,
      "FilterWorkItemsThatAlreadyExistInTarget": true,
      "PauseAfterEachWorkItem": false,
      "AttachmentMaxSize": 480000000,
      "AttachRevisionHistory": false,
      "LinkMigrationSaveEachAsAdded": false,
      "GenerateMigrationComment": true,
      "WorkItemIDs": null,
      "MaxRevisions": 0,
      "NodeStructureEnricherEnabled": null,
      "UseCommonNodeStructureEnricherConfig": true,
      "StopMigrationOnMissingAreaIterationNodes": true,
      "NodeBasePaths": [ ],
      "AreaMaps": {},
      "IterationMaps": {},
      "MaxGracefulFailures": 0,
      "SkipRevisionWithInvalidIterationPath": false
    }
  ],
    "Endpoints": {
    "InMemoryWorkItemEndpoints": [
      {
        "Name": "Source",
        "EndpointEnrichers": null
      },
      {
        "Name": "Target",
        "EndpointEnrichers": null
      }
    ]
  }
}