{
  "ChangeSetMappingFile": null,
  "Source": {
    "$type": "TfsTeamProjectConfig",
    "Collection": "https://dev.azure.com/nkdagility-preview/",
    "Project": "myProjectName",
    "ReflectedWorkItemIDFieldName": "Custom.ReflectedWorkItemId",
    "AllowCrossProjectLinking": false,
    "AuthenticationMode": "Prompt",
    "PersonalAccessToken": "",
    "PersonalAccessTokenVariableName": "",
    "LanguageMaps": {
      "AreaPath": "Area",
      "IterationPath": "Iteration"
    }
  },
  "Target": {
    "$type": "TfsTeamProjectConfig",
    "Collection": "https://dev.azure.com/nkdagility-preview/",
    "Project": "myProjectName",
    "ReflectedWorkItemIDFieldName": "Custom.ReflectedWorkItemId",
    "AllowCrossProjectLinking": false,
    "AuthenticationMode": "Prompt",
    "PersonalAccessToken": "",
    "PersonalAccessTokenVariableName": "",
    "LanguageMaps": {
      "AreaPath": "Area",
      "IterationPath": "Iteration"
    }
  },
  "FieldMaps": [
    {
      "$type": "MultiValueConditionalMapConfig",
      "WorkItemTypeName": "*",
      "sourceFieldsAndValues": {
        "Field1": "Value1",
        "Field2": "Value2"
      },
      "targetFieldsAndValues": {
        "Field1": "Value1",
        "Field2": "Value2"
      }
    },
    {
      "$type": "FieldSkipMapConfig",
      "WorkItemTypeName": "*",
      "targetField": "TfsMigrationTool.ReflectedWorkItemId"
    },
    {
      "$type": "FieldValueMapConfig",
      "WorkItemTypeName": "*",
      "sourceField": "System.State",
      "targetField": "System.State",
      "defaultValue": "New",
      "valueMapping": {
        "Approved": "New",
        "New": "New",
        "Committed": "Active",
        "In Progress": "Active",
        "To Do": "New",
        "Done": "Closed",
        "Removed": "Removed"
      }
    },
    {
      "$type": "FieldtoFieldMapConfig",
      "WorkItemTypeName": "*",
      "sourceField": "Microsoft.VSTS.Common.BacklogPriority",
      "targetField": "Microsoft.VSTS.Common.StackRank",
      "defaultValue": null
    },
    {
      "$type": "FieldtoFieldMultiMapConfig",
      "WorkItemTypeName": "*",
      "SourceToTargetMappings": {
        "SourceField1": "TargetField1",
        "SourceField2": "TargetField2"
      }
    },
    {
      "$type": "FieldtoTagMapConfig",
      "WorkItemTypeName": "*",
      "sourceField": "System.State",
      "formatExpression": "ScrumState:{0}"
    },
    {
      "$type": "FieldMergeMapConfig",
      "WorkItemTypeName": "*",
      "sourceFields": [
        "System.Description",
        "Microsoft.VSTS.Common.AcceptanceCriteria"
      ],
      "targetField": "System.Description",
      "formatExpression": "{0} <br/><br/><h3>Acceptance Criteria</h3>{1}"
    },
    {
      "$type": "RegexFieldMapConfig",
      "WorkItemTypeName": "*",
      "sourceField": "COMPANY.PRODUCT.Release",
      "targetField": "COMPANY.DEVISION.MinorReleaseVersion",
      "pattern": "PRODUCT \\d{4}.(\\d{1})",
      "replacement": "$1"
    },
    {
      "$type": "FieldValuetoTagMapConfig",
      "WorkItemTypeName": "*",
      "sourceField": "Microsoft.VSTS.CMMI.Blocked",
      "pattern": "Yes",
      "formatExpression": "{0}"
    },
    {
      "$type": "TreeToTagMapConfig",
      "WorkItemTypeName": "*",
      "toSkip": 3,
      "timeTravel": 1
    }
  ],
  "GitRepoMapping": null,
  "LogLevel": "Information",
  "CommonEnrichersConfig": null,
  "Processors": [
    {
      "$type": "WorkItemMigrationConfig",
      "Enabled": false,
      "ReplayRevisions": true,
      "PrefixProjectToNodes": false,
      "UpdateCreatedDate": true,
      "UpdateCreatedBy": true,
      "WIQLQueryBit": "AND  [Microsoft.VSTS.Common.ClosedDate] = '' AND [System.WorkItemType] NOT IN ('Test Suite', 'Test Plan','Shared Steps','Shared Parameter','Feedback Request')",
      "WIQLOrderBit": "[System.ChangedDate] desc",
      "LinkMigration": true,
      "AttachmentMigration": true,
      "AttachmentWorkingPath": "c:\\temp\\WorkItemAttachmentWorkingFolder\\",
      "FixHtmlAttachmentLinks": false,
      "SkipToFinalRevisedWorkItemType": true,
      "WorkItemCreateRetryLimit": 5,
      "FilterWorkItemsThatAlreadyExistInTarget": true,
      "PauseAfterEachWorkItem": false,
      "AttachmentMaxSize": 480000000,
      "AttachRevisionHistory": false,
      "LinkMigrationSaveEachAsAdded": false,
      "GenerateMigrationComment": true,
      "WorkItemIDs": null,
      "MaxRevisions": 0,
      "UseCommonNodeStructureEnricherConfig": false,
      "StopMigrationOnMissingAreaIterationNodes": true,
      "NodeBasePaths": [
        "Product\\Area\\Path1",
        "Product\\Area\\Path2"
      ],
      "AreaMaps": {},
      "IterationMaps": {},
      "MaxGracefulFailures": 0,
      "SkipRevisionWithInvalidIterationPath": false,
      "SkipRevisionWithInvalidAreaPath": false
    }
  ],
  "Version": "12.8",
  "workaroundForQuerySOAPBugEnabled": false,
  "WorkItemTypeDefinition": {
    "sourceWorkItemTypeName": "targetWorkItemTypeName"
  },
  "Endpoints": {
    "InMemoryWorkItemEndpoints": [
      {
        "Name": "Source",
        "EndpointEnrichers": null
      },
      {
        "Name": "Target",
        "EndpointEnrichers": null
      }
    ]
  }
}